id;proj_name;proj_created_date;proj_modified_date;proj_admin_id;org_id;proj_member_number
1;contextually-based Alaska Fresh;2021-10-12T03:20:21;2021-10-12T14:43:19;84548;96390;45132
2;Micronesia Health Producer;2021-10-12T02:20:59;2021-10-12T08:47:23;39320;2728;33445
3;Concrete USB;2021-10-12T06:28:09;2021-10-12T08:25:09;13242;77359;68990
4;Sleek Assistant Bike;2021-10-12T04:46:28;2021-10-12T03:43:29;34608;65745;78300
5;optical;2021-10-12T03:56:50;2021-10-12T06:01:58;46349;280;36549
6;portals;2021-10-12T08:54:37;2021-10-11T19:55:59;10390;79445;96761
7;Buckinghamshire;2021-10-12T10:11:30;2021-10-12T10:54:34;20855;45614;66503
8;Licensed Central payment;2021-10-11T23:37:49;2021-10-12T14:56:33;48631;94665;13425
9;Optional Carolina navigating;2021-10-12T13:51:06;2021-10-12T10:40:58;46216;67028;96363
10;magenta;2021-10-12T02:56:09;2021-10-11T18:05:07;70856;53297;27765
