id;proj_name;proj_created_date;proj_modified_date;proj_member_number
1;contextually-based Alaska Fresh;2021-11-16T02:46:52;2021-11-16T14:09:50;84548
2;Ville Illinois Center;2021-11-15T22:03:02;2021-11-16T00:16:16;58193
3;utilize;2021-11-16T00:48:50;2021-11-16T14:40:14;97263
4;Regional;2021-11-15T22:07:35;2021-11-16T05:37:15;41029
5;Soft;2021-11-15T18:00:22;2021-11-16T13:42:15;47087
6;Assistant Bike;2021-11-16T04:12:59;2021-11-16T03:10:00;34608
7;digital SMTP;2021-11-16T05:28:29;2021-11-16T04:38:03;280
8;Practical Computer;2021-11-15T16:32:08;2021-11-16T15:18:37;50284
9;ROI turquoise Brand;2021-11-15T19:47:13;2021-11-16T07:16:11;14173
10;Corners Buckinghamshire Keyboard;2021-11-16T09:47:11;2021-11-16T02:23:04;70118
